City_ID,City,Lat,Lng,Max Temp,Humidity,Cloudiness,Wind Speed,Country,Date
0,atafu village,-8.5421,-172.5159,28.83,76,99,6.28,TK,1686528382
1,saldanha,-33.0117,17.9442,14.69,86,88,5.26,ZA,1686528493
2,ziro,27.6333,93.8333,14.97,99,99,0.21,IN,1686528493
3,olonkinbyen,70.9221,-8.7187,1.08,90,100,5.65,SJ,1686528494
4,whitehorse,60.7161,-135.0538,14.45,38,100,8.23,CA,1686528350
5,talnakh,69.4865,88.3972,8.45,55,100,5.09,RU,1686528339
6,iqaluit,63.7506,-68.5145,1.85,74,75,9.26,CA,1686528494
7,ghanzi,-21.5667,21.7833,17.68,21,1,3.73,BW,1686528495
8,bethel,41.3712,-73.414,23.26,63,0,3.09,US,1686528495
9,pointe-noire,-4.7761,11.8635,23.3,93,95,2.78,CG,1686528495
10,rabigh,22.7986,39.0349,29.73,62,31,4.48,SA,1686528495
11,alofi,-19.0595,-169.9187,24.49,78,94,6.41,NU,1686528496
12,grytviken,-54.2811,-36.5092,-3.55,84,29,5.03,GS,1686528341
13,port-aux-francais,-49.35,70.2167,5.07,92,100,18.11,TF,1686528496
14,minas de marcona,-15.2119,-75.1103,12.17,86,23,6.44,PE,1686528496
15,yellowknife,62.456,-114.3525,4.29,93,100,7.72,CA,1686528467
16,longyearbyen,78.2186,15.6401,2.91,87,75,1.03,SJ,1686528497
17,urengoy,65.9667,78.3667,8.83,70,75,5.02,RU,1686528497
18,luderitz,-26.6481,15.1594,14.9,70,51,2.68,NA,1686528497
19,island harbour,50.724,-1.2758,17.89,92,59,0.45,GB,1686528497
20,west island,-12.1568,96.8225,25.99,73,40,11.34,CC,1686528497
21,bratsk,56.1325,101.6142,9.27,64,90,3.28,RU,1686528215
22,guangyuan,32.442,105.823,23.48,66,100,1.25,CN,1686528498
23,butte,39.6499,-121.5677,30.77,37,0,4.63,US,1686528498
24,chonchi,-42.6128,-73.8092,6.18,88,71,1.93,CL,1686528498
25,benguela,-12.5763,13.4055,20.38,88,84,0.87,AO,1686528499
26,la'ie,21.6477,-157.9253,30.98,63,6,5.36,US,1686528499
27,lata,40.1629,-8.3327,17.82,92,100,0.35,PT,1686528444
28,bredasdorp,-34.5322,20.0403,13.82,86,100,7.59,ZA,1686528335
29,hamilton,39.1834,-84.5333,20.52,95,100,4.63,US,1686528484
30,anatuya,-28.4606,-62.8347,9.69,40,38,3.16,AR,1686528500
31,ilulissat,69.2167,-51.1,2.01,87,75,2.57,GL,1686528500
32,stanley,54.868,-1.6985,15.71,90,0,0.51,GB,1686528500
33,puerto ayora,-0.7393,-90.3518,26.42,89,96,4.47,EC,1686528501
34,prince rupert,54.3161,-130.3201,14.05,79,0,5.14,CA,1686528309
35,broome,42.2506,-75.833,23.33,51,97,0.7,US,1686528501
36,pandan,14.0453,124.1694,29.13,76,100,4.96,PH,1686528501
37,plattsburgh,44.6995,-73.4529,22.15,59,40,0.0,US,1686528341
38,adamstown,-25.066,-130.1015,20.87,59,23,6.96,PN,1686528502
39,tayoltita,24.0833,-105.9333,31.87,35,5,3.49,MX,1686528502
40,kuala terengganu,5.3302,103.1408,24.97,94,40,2.68,MY,1686528250
41,nova sintra,14.8667,-24.7167,21.85,84,8,10.17,CV,1686528502
42,edinburgh of the seven seas,-37.0676,-12.3116,16.24,84,51,13.24,SH,1686528503
43,arno,60.1167,18.6333,10.44,71,6,3.96,SE,1686528503
44,puerto natales,-51.7236,-72.4875,5.65,78,91,7.26,CL,1686528503
45,quellon,-43.1167,-73.6167,7.02,80,44,4.44,CL,1686528503
46,fale old settlement,-9.3852,-171.2468,28.89,77,99,6.63,TK,1686528504
47,antofagasta,-23.65,-70.4,16.6,86,96,2.71,CL,1686528247
48,waitangi,-43.9535,-176.5597,13.79,91,99,0.89,NZ,1686528504
49,blackmans bay,-43.0167,147.3167,12.07,80,100,2.64,AU,1686528504
50,margaret river,-33.95,115.0667,13.75,68,99,4.97,AU,1686528504
51,ushuaia,-54.8,-68.3,0.81,86,75,8.75,AR,1686528093
52,pestovo,58.5938,35.8024,5.8,79,21,1.09,RU,1686528505
53,papatowai,-46.5619,169.4708,10.35,78,67,4.27,NZ,1686528505
54,siedlce,52.1677,22.2901,8.99,70,22,3.35,PL,1686528501
55,tazacorte,28.629,-17.9293,22.54,84,0,3.13,ES,1686528505
56,udachny,66.4167,112.4,3.03,80,52,6.95,RU,1686528506
57,hithadhoo,-0.6,73.0833,27.93,76,61,3.41,MV,1686528506
58,isafjordur,66.0755,-23.124,7.78,82,46,6.49,IS,1686528506
59,aksu,41.1231,80.2644,26.78,22,71,1.97,CN,1686528506
60,wailua homesteads,22.0669,-159.378,28.24,75,0,6.17,US,1686528506
61,port elizabeth,-33.918,25.5701,15.17,95,20,7.2,ZA,1686528286
62,albany,42.6001,-73.9662,25.36,60,97,1.89,US,1686528507
63,mikumi,-7.4041,36.9831,18.15,88,41,1.22,TZ,1686528507
64,rongelap,11.1635,166.8941,27.7,80,93,7.76,MH,1686528507
65,brokopondo,4.75,-55.1667,26.21,81,57,2.79,SR,1686528508
66,lihue,21.9789,-159.3672,28.58,69,0,6.17,US,1686528508
67,saint-pierre,-21.3393,55.4781,21.82,68,0,2.57,RE,1686528508
68,danville,36.586,-79.395,24.68,81,100,0.45,US,1686528288
69,manokwari,-0.8667,134.0833,25.64,85,100,1.47,ID,1686528143
70,georgetown,5.4112,100.3354,27.96,83,20,0.0,MY,1686528509
71,thompson,55.7435,-97.8558,26.09,31,40,5.14,CA,1686528354
72,ahome,25.9167,-109.1833,29.97,28,16,5.17,MX,1686528509
73,buckeye,33.3703,-112.5838,33.24,21,0,4.12,US,1686528505
74,alpine,32.835,-116.7664,15.87,88,100,4.63,US,1686528510
75,anadyr,64.75,177.4833,7.28,81,40,7.0,RU,1686528510
76,tralee,52.2704,-9.7026,12.9,94,33,1.13,IE,1686528471
77,comandante fontana,-25.3345,-59.6821,12.82,42,100,3.02,AR,1686528510
78,zeya,53.75,127.2667,26.03,46,16,1.64,RU,1686528511
79,souillac,-20.5167,57.5167,22.67,85,32,3.4,MU,1686528511
80,pionerskiy,54.9508,20.2275,13.19,60,1,5.9,RU,1686528511
81,klaksvik,62.2266,-6.589,6.51,68,84,3.34,FO,1686528511
82,al 'aziziyah,32.9058,45.0616,32.39,23,0,4.93,IQ,1686528511
83,kodiak,57.79,-152.4072,9.73,66,100,4.63,US,1686528512
84,badger,64.8,-147.5333,19.17,39,75,5.14,US,1686528512
85,springbok,-29.6643,17.8865,8.44,93,59,3.11,ZA,1686528512
86,kattivakkam,13.2167,80.3167,29.48,84,88,4.96,IN,1686528512
87,ingraj bazar,25.0,88.15,27.41,67,89,3.86,IN,1686528513
88,santander jimenez,24.2167,-98.4667,32.0,62,0,7.93,MX,1686528513
89,tiksi,71.6872,128.8694,0.25,90,100,6.2,RU,1686528513
90,barra,-11.0894,-43.1417,25.7,52,31,4.31,BR,1686528513
91,petrolina,-9.3986,-40.5008,25.03,73,0,3.09,BR,1686528514
92,springs,-26.25,28.4,9.68,38,0,2.8,ZA,1686528514
93,erdenet,49.0333,104.0833,18.77,54,100,1.52,MN,1686528390
94,lazaro cardenas,17.9583,-102.2,29.28,64,1,4.52,MX,1686528514
95,lebu,-37.6167,-73.65,8.97,74,25,8.34,CL,1686528514
96,avarua,-21.2078,-159.775,27.03,78,40,2.06,CK,1686528515
97,kholmsk,47.0511,142.0569,15.73,81,78,4.35,RU,1686528515
98,umm kaddadah,13.6017,26.6876,24.69,74,97,9.02,SD,1686528515
99,ancud,-41.8697,-73.8203,7.72,83,71,3.11,CL,1686528516
100,arraial do cabo,-22.9661,-42.0278,22.44,76,1,3.66,BR,1686528516
101,punta arenas,-53.15,-70.9167,3.06,87,40,9.26,CL,1686528309
102,ta`u,-14.2336,-169.5144,27.28,80,16,6.38,AS,1686528516
103,kapuskasing,49.4169,-82.4331,9.69,76,100,1.29,CA,1686528447
104,elesbao veloso,-6.2019,-42.1403,28.06,45,81,1.57,BR,1686528517
105,bilibino,68.0546,166.4372,17.08,55,100,4.13,RU,1686528517
106,belyy yar,53.6039,91.3903,12.94,67,40,3.0,RU,1686528517
107,villa vicente guerrero,19.1194,-98.1708,24.66,48,81,2.46,MX,1686528517
108,shimanovsk,52.0,127.7,25.84,40,31,2.93,RU,1686528517
109,vilyuysk,63.7553,121.6247,7.63,65,99,5.16,RU,1686528518
110,abasolo,20.45,-101.5167,35.92,7,2,1.63,MX,1686528518
111,aykhal,66.0,111.5,1.29,86,63,6.62,RU,1686528518
112,xinyuan,37.3,99.0,6.26,61,1,1.32,CN,1686528264
113,klyuchi,52.2667,79.1667,15.81,61,0,1.12,RU,1686528519
114,sao joao dos inhamuns,-6.0,-40.2833,23.01,70,38,2.45,BR,1686528474
115,oban,56.4127,-5.4706,14.1,95,14,1.42,GB,1686528519
116,amga,60.8953,131.9608,23.4,48,78,3.28,RU,1686528520
117,nyala,12.05,24.8833,25.43,63,52,2.38,SD,1686528520
118,haiku-pauwela,20.9219,-156.3051,30.01,45,40,11.32,US,1686528520
119,urumqi,43.801,87.6005,23.53,36,0,3.0,CN,1686528520
120,karpinsk,59.7654,60.0085,3.49,62,5,4.61,RU,1686528520
121,vadso,70.0744,29.7487,10.49,66,100,7.2,NO,1686528521
122,ylitornio,66.3089,23.6773,13.16,65,100,2.38,FI,1686528521
123,san patricio,28.017,-97.5169,32.32,65,0,7.49,US,1686528521
124,queenstown,-31.8976,26.8753,9.19,31,49,2.93,ZA,1686528521
125,khovd,48.0056,91.6419,22.01,39,4,1.1,MN,1686528521
126,calatayud,41.3535,-1.6432,17.02,80,52,0.7,ES,1686528522
127,ust-nera,64.5667,143.2,19.84,48,100,4.76,RU,1686528522
128,dunhua,43.3725,128.2425,16.2,72,99,0.72,CN,1686528522
129,invercargill,-46.4,168.35,9.45,87,92,4.03,NZ,1686528522
130,gillette,44.2911,-105.5022,18.35,60,75,6.17,US,1686527927
131,namdrik,5.5994,168.1028,28.55,79,100,8.14,MH,1686528523
132,susuman,62.7833,148.1667,22.39,36,49,6.08,RU,1686528523
133,hakkari,37.5833,44.1667,7.88,93,20,1.54,TR,1686528523
134,ribeira grande,38.5167,-28.7,19.87,86,96,4.47,PT,1686528523
135,port douglas,-16.4833,145.4667,23.97,70,29,2.32,AU,1686528239
136,maun,-19.9833,23.4167,14.8,34,7,1.22,BW,1686528524
137,high river,50.5834,-113.8687,22.31,62,94,5.67,CA,1686528336
138,tura,25.5198,90.2201,23.66,90,100,1.98,IN,1686528524
139,sinabang,2.4803,96.3801,26.73,82,96,0.27,ID,1686528525
140,kirakira,-10.4544,161.9205,28.37,77,87,3.72,SB,1686528525
141,harper,4.375,-7.7169,25.27,81,99,5.14,LR,1686528525
142,codrington,-38.2667,141.9667,12.09,73,85,5.94,AU,1686528525
143,luanda,-8.8368,13.2343,23.0,88,75,3.6,AO,1686528245
144,amelia,42.5523,12.4182,18.5,91,9,1.4,IT,1686528174
145,nenjiang,49.1833,125.2167,23.24,54,53,1.97,CN,1686528526
146,hawaiian paradise park,19.5933,-154.9731,27.8,70,0,3.09,US,1686528526
147,college,64.8569,-147.8028,19.21,40,100,5.14,US,1686528526
148,yabelo,4.8833,38.0833,15.33,78,93,0.83,ET,1686528526
149,siguiri,11.6667,-9.5,24.99,81,85,1.71,GN,1686528527
150,cooma,-36.2333,149.1333,7.66,60,85,1.81,AU,1686528527
151,dolinsk,47.35,142.8,17.34,73,76,0.68,RU,1686528527
152,pangody,65.85,74.4859,7.21,81,92,4.73,RU,1686528527
153,kununurra,-15.7667,128.7333,21.99,73,79,1.03,AU,1686528528
154,sisimiut,66.9395,-53.6735,2.99,90,91,10.04,GL,1686528448
155,kidal,18.4411,1.4078,32.7,32,31,4.15,ML,1686528528
156,labrador city,52.9463,-66.9114,15.76,58,91,2.03,CA,1686528528
157,tucurui,-3.7661,-49.6725,24.09,90,29,1.31,BR,1686528528
158,port mathurin,-19.6833,63.4167,24.71,73,2,8.17,MU,1686528529
159,utrik,11.2278,169.8474,27.78,82,37,7.46,MH,1686528529
160,broken hill,-31.95,141.4333,14.58,45,5,3.62,AU,1686528529
161,constantia,44.1833,28.65,16.5,87,61,6.79,RO,1686528366
162,greymouth,-42.4667,171.2,11.26,74,83,1.18,NZ,1686528529
163,chato,-2.6378,31.7669,19.04,61,45,1.66,TZ,1686528530
164,xining,36.6167,101.7667,11.55,75,62,1.26,CN,1686528530
165,kudahuvadhoo,2.6708,72.8944,28.54,78,54,6.84,MV,1686528530
166,taretan,19.3333,-101.9167,32.06,34,75,4.12,MX,1686528531
167,patan,27.6667,85.3333,21.67,94,75,0.0,NP,1686528531
168,kingston,17.997,-76.7936,29.53,76,20,8.75,JM,1686528333
169,fortuna foothills,32.6578,-114.4119,31.97,23,40,3.6,US,1686528531
170,acapulco de juarez,16.8634,-99.8901,31.9,62,40,3.6,MX,1686528530
171,panguipulli,-39.6333,-72.3333,4.58,89,89,1.67,CL,1686528035
172,brookings,44.3114,-96.7984,20.19,41,0,4.63,US,1686528451
173,la passe,45.5549,-0.8967,20.13,82,20,3.51,FR,1686528532
174,fairwood,47.4484,-122.1573,22.28,65,40,4.12,US,1686528507
175,weno,7.4515,151.8468,30.97,74,100,4.12,FM,1686528532
176,villa elisa,-25.3667,-57.6167,13.35,44,100,4.02,PY,1686528533
177,tres arroyos,-38.3739,-60.2798,3.92,43,0,3.6,AR,1686528533
178,iskateley,67.6803,53.1512,3.49,60,100,2.88,RU,1686528533
179,coquimbo,-29.9533,-71.3436,11.85,82,0,4.63,CL,1686528309
180,corona de tucson,31.9654,-110.7756,31.65,11,0,4.47,US,1686528534
181,santa ana de yacuma,-13.75,-65.4333,26.69,73,87,2.08,BO,1686528534
182,berdigestyakh,62.0989,126.6992,13.37,76,99,3.96,RU,1686528534
183,serhiyivka,46.0272,30.3768,17.77,85,100,9.61,UA,1686528534
184,hermanus,-34.4187,19.2345,14.33,83,99,9.23,ZA,1686528535
185,flin flon,54.7682,-101.865,27.71,29,49,4.28,CA,1686528535
186,chateau-du-loir,47.6949,0.4185,17.31,91,42,1.83,FR,1686528535
187,selfoss,63.9331,-20.9971,8.36,86,90,3.51,IS,1686528535
188,kant,27.8,79.8,31.91,38,0,2.72,IN,1686528536
189,nova vicosa,-17.8919,-39.3719,23.73,84,50,4.69,BR,1686528520
190,gadzhiyevo,69.2551,33.3362,10.98,77,99,9.61,RU,1686528536
191,hasaki,35.7333,140.8333,21.27,93,100,1.86,JP,1686528536
192,alesund,62.4723,6.1549,14.39,82,40,2.06,NO,1686528536
193,arawa,-6.2132,155.5367,30.11,68,91,2.4,PG,1686528537
194,mahajanga,-15.7167,46.3167,21.01,94,20,2.57,MG,1686528363
195,tolanaro,-25.0319,46.9987,17.98,89,0,1.5,MG,1686528537
196,likasi,-10.9814,26.7333,14.44,55,8,1.07,CD,1686528309
197,soio,-6.1349,12.3689,23.27,90,100,3.01,AO,1686528537
198,biltine,14.5333,20.9167,28.39,53,95,2.06,TD,1686528538
199,mili,6.0815,171.735,28.4,74,99,7.78,MH,1686528538
200,crane,31.3974,-102.3501,35.79,20,8,6.97,US,1686528538
201,namibe,-15.1961,12.1522,18.24,73,26,3.82,AO,1686528509
202,fortuna,40.5982,-124.1573,14.96,87,75,4.12,US,1686528350
203,mynamaki,60.7446,22.0243,5.09,80,6,2.23,FI,1686528539
204,micheweni,-4.9667,39.8333,24.59,77,27,5.11,TZ,1686528539
205,altay,47.8667,88.1167,16.99,84,86,0.77,CN,1686528539
206,dar kulayb,26.0686,50.5039,32.97,59,0,1.95,BH,1686528540
207,archangelos,36.2149,28.1149,21.28,83,41,1.1,GR,1686528540
208,kursavka,44.4564,42.5093,16.22,90,31,0.73,RU,1686528540
209,nykarleby,63.5228,22.5307,12.73,55,69,4.61,FI,1686528540
210,juan griego,11.0817,-63.9655,26.07,100,95,4.63,VE,1686528540
211,maracacume,-2.0428,-45.9592,22.86,97,23,1.46,BR,1686528541
212,tarawa,1.419,172.984,31.05,70,40,2.06,KI,1686528541
213,hoemul-li,41.4339,129.67,16.59,83,72,2.03,KP,1686528541
214,tatarsk,55.219,75.9828,15.31,88,85,3.61,RU,1686528541
215,catalao,-18.1658,-47.9464,22.34,45,59,0.29,BR,1686528542
216,campbell river,50.0163,-125.2446,25.33,34,1,4.07,CA,1686528542
217,bandarbeyla,9.4942,50.8122,25.31,86,100,13.88,SO,1686528542
218,okha,53.5739,142.9478,6.86,94,99,2.43,RU,1686528542
219,birao,10.2849,22.7882,27.35,61,87,0.95,CF,1686528542
220,blantyre,-15.785,35.0085,15.03,73,2,1.73,MW,1686528543
221,nar'yan-mar,67.6713,53.087,3.55,60,100,2.82,RU,1686528543
222,cabo san lucas,22.8909,-109.9124,34.23,39,0,6.17,MX,1686528278
223,labytnangi,66.6572,66.4183,3.84,74,100,6.54,RU,1686528543
224,nikolayevsk-on-amure,53.1406,140.73,7.95,95,100,1.54,RU,1686528543
225,richland,40.7834,-82.5499,18.34,96,100,4.12,US,1686528544
226,tsiombe,-25.3,45.4833,17.89,85,13,1.47,MG,1686528544
227,karratha,-20.7377,116.8463,19.6,33,0,4.91,AU,1686528544
228,kulhudhuffushi,6.6221,73.07,28.77,77,89,9.45,MV,1686528544
229,colchani,-20.3,-66.9333,2.86,26,5,5.69,BO,1686528544
230,brenham,30.1669,-96.3977,34.1,59,0,2.57,US,1686528545
231,abepura,-2.6333,140.5833,28.45,74,20,3.09,ID,1686528545
232,barmer,25.75,71.3833,29.5,59,4,5.93,IN,1686528545
233,puerto aysen,-45.4,-72.7,1.38,97,75,2.13,CL,1686528045
234,alice springs,-23.7,133.8833,14.75,63,75,1.03,AU,1686528546
235,non sang,16.8687,102.5664,26.46,83,90,2.2,TH,1686528546
236,east london,-33.0153,27.9116,18.36,31,38,4.56,ZA,1686528546
237,hadibu,12.65,54.0333,27.93,79,93,8.64,YE,1686528546
238,horn,51.8715,8.9451,16.31,67,16,1.71,DE,1686528547
239,paragould,36.0584,-90.4973,26.9,72,70,7.63,US,1686528547
240,susangerd,31.5608,48.1831,34.7,20,0,2.09,IR,1686528547
241,saipan,15.1355,145.701,31.39,100,40,6.69,MP,1686528547
242,vorgashor,67.5833,63.95,0.04,81,97,7.78,RU,1686528548
243,galle,6.0367,80.217,26.92,86,88,5.62,LK,1686528469
244,mormugao,15.4,73.8,28.59,79,100,4.63,IN,1686528548
245,aglona,56.1333,27.0167,7.0,64,54,2.71,LV,1686528548
246,guerrero negro,27.9769,-114.0611,20.08,58,0,8.05,MX,1686528549
247,howrah,22.5892,88.3103,28.0,89,40,2.57,IN,1686528549
248,toliara,-23.35,43.6667,19.1,87,2,2.97,MG,1686528549
249,keflavik,64.0049,-22.5624,8.24,76,100,7.72,IS,1686528465
250,aleg,17.0481,-13.9209,37.03,15,57,7.99,MR,1686528550
251,pekanbaru,0.5333,101.45,24.25,92,38,1.08,ID,1686528550
252,sitka,57.0531,-135.33,10.94,87,100,5.14,US,1686528550
253,baganga,7.5739,126.56,28.79,72,25,1.22,PH,1686528550
254,mvurwi,-17.0333,30.85,11.61,63,0,2.01,ZW,1686528551
255,cockburn town,21.4612,-71.1419,28.12,86,5,7.38,TC,1686528551
256,emerald,-23.5333,148.1667,18.52,69,22,3.07,AU,1686528551
257,hami,42.8,93.45,32.02,13,0,3.46,CN,1686528551
258,champerico,14.3,-91.9167,29.24,73,98,2.91,GT,1686528551
259,alaghsas,17.0187,8.0168,31.05,40,82,3.95,NE,1686528552
260,yurga,55.7231,84.8861,11.47,65,0,1.86,RU,1686528552
261,barguzin,53.6167,109.6167,19.44,65,86,3.33,RU,1686528553
262,richards bay,-28.783,32.0377,15.31,81,0,3.61,ZA,1686528553
263,marsh harbour,26.5412,-77.0636,28.38,73,17,4.85,BS,1686528553
264,uyuni,-20.4597,-66.825,3.08,24,13,6.18,BO,1686528553
265,mathba,22.2855,89.9629,28.69,89,100,2.61,BD,1686528553
266,baise city,23.8997,106.6133,28.07,68,93,0.63,CN,1686528554
267,muynoq,43.7683,59.0214,22.28,48,0,5.17,UZ,1686528476
268,kayangel,8.0823,134.7173,28.58,81,51,5.81,PW,1686528554
269,tughyl,47.7252,84.2063,15.2,69,0,8.99,KZ,1686528554
270,carnarvon,-24.8667,113.6333,15.17,60,0,8.22,AU,1686528555
271,eirunepe,-6.6603,-69.8736,23.53,96,70,1.27,BR,1686528555
272,usinsk,65.9939,57.5281,0.84,83,23,4.13,RU,1686528555
273,kalmunai,7.4167,81.8167,26.49,81,99,3.08,LK,1686528555
274,sandnessjoen,66.0217,12.6316,13.29,90,100,2.68,NO,1686528556
275,nemuro,43.3236,145.575,12.32,98,100,4.8,JP,1686528502
276,truth or consequences,33.1284,-107.2528,33.13,14,20,8.75,US,1686528261
277,bocas del toro,9.3333,-82.25,26.79,76,100,2.67,PA,1686528548
278,egilsstadir,65.2653,-14.3948,12.32,55,68,3.53,IS,1686528556
279,bikenibeu village,1.3673,173.1241,30.98,70,40,2.06,KI,1686528494
280,bonthe,7.5264,-12.505,25.71,86,100,1.68,SL,1686528557
281,yuzhno-kurilsk,44.0306,145.8556,13.46,92,100,4.84,RU,1686528557
282,masterton,-40.9597,175.6575,12.71,74,24,2.54,NZ,1686528557
283,daru,-9.0763,143.2092,26.34,85,100,6.19,PG,1686528557
284,adam,22.3756,57.5233,30.46,40,100,2.0,OM,1686528557
285,zalingei,12.9096,23.4741,23.58,66,99,0.42,SD,1686528558
286,bolanikhodan,22.1,85.3167,28.16,30,82,1.07,IN,1686528547
287,carutapera,-1.195,-46.02,24.2,95,12,2.86,BR,1686528558
288,fisterra,42.9049,-9.2629,16.12,90,13,4.38,ES,1686528515
289,lagos,6.5833,3.75,25.18,88,100,1.4,NG,1686528000
290,new norfolk,-42.7826,147.0587,12.18,82,79,1.32,AU,1686528372
291,nantucket,41.2835,-70.0995,19.03,83,75,2.06,US,1686528366
292,coahuayana de hidalgo,18.7,-103.6583,30.09,60,5,2.57,MX,1686528559
293,al muwayh,22.4333,41.7583,28.87,29,26,4.73,SA,1686528560
294,sile,41.1754,29.6133,18.37,74,95,0.54,TR,1686528560
295,nouadhibou,20.931,-17.0347,23.99,64,3,7.72,MR,1686528560
296,shahabad,27.65,79.95,32.08,37,0,2.68,IN,1686528560
297,magadan,59.5667,150.8,17.52,87,99,2.54,RU,1686528560
298,huarmey,-10.0681,-78.1522,21.54,80,17,4.97,PE,1686528561
299,tazovsky,67.4667,78.7,8.02,82,94,4.43,RU,1686528561
300,panacan,9.2463,118.4082,28.85,77,100,4.27,PH,1686528561
301,kruisfontein,-34.0033,24.7314,9.94,64,99,4.05,ZA,1686528561
302,colesberg,-30.72,25.0972,8.15,30,55,3.08,ZA,1686528562
303,dunedin,-45.8742,170.5036,10.58,64,29,2.62,NZ,1686528562
304,el bolson,-41.9667,-71.5167,0.34,95,97,1.65,AR,1686528562
305,colonia,50.9333,6.95,21.03,51,0,3.09,DE,1686527858
306,den burg,53.0542,4.7972,21.67,56,100,3.09,NL,1686528563
307,enewetak,11.3474,162.3373,27.98,80,88,7.33,MH,1686528358
308,praia da vitoria,38.7333,-27.0667,19.14,88,20,3.45,PT,1686528356
309,petropavlovsk-kamchatsky,53.0452,158.6483,19.33,40,0,2.0,RU,1686528564
310,groningen,53.25,6.75,19.04,55,30,3.6,NL,1686528564
311,hovd,48.0056,91.6419,22.01,39,4,1.1,MN,1686528564
312,juneau,58.3019,-134.4197,13.01,100,100,2.59,US,1686528564
313,port alfred,-33.5906,26.891,18.23,34,59,5.44,ZA,1686528564
314,kailua-kona,19.6406,-155.9956,28.98,83,40,4.12,US,1686528565
315,koh kong,11.6175,102.9806,26.28,89,100,1.92,KH,1686528565
316,vila franca do campo,37.7167,-25.4333,18.23,84,100,2.82,PT,1686528565
317,binzhou,37.3667,118.0167,22.4,54,77,1.45,CN,1686528565
318,myshkin,57.7897,38.4545,5.06,75,2,1.13,RU,1686528566
319,aasiaat,68.7098,-52.8699,0.71,97,100,3.42,GL,1686528566
320,wakkanai,45.4094,141.6739,19.99,73,20,7.72,JP,1686528566
321,prince albert,53.2001,-105.7677,27.97,28,75,9.26,CA,1686528296
322,i-n-salah,27.1935,2.4607,34.83,9,0,3.74,DZ,1686528473
323,goleniow,53.5639,14.8285,15.19,51,0,2.57,PL,1686528567
324,port saint john's,-31.6229,29.5448,16.43,42,1,3.39,ZA,1686528567
325,caleta de carquin,-11.0925,-77.6267,20.94,79,43,4.86,PE,1686528567
326,rockport,28.0206,-97.0544,30.6,84,0,1.79,US,1686528567
327,tual,-5.6667,132.75,27.03,81,96,8.02,ID,1686528568
328,garoowe,8.4054,48.4845,25.66,65,97,9.96,SO,1686528568
329,portland,45.5234,-122.6762,28.09,50,20,7.2,US,1686528460
330,tangalle,6.024,80.7911,26.26,87,91,5.34,LK,1686528568
331,vernon,50.2581,-119.2691,27.74,41,72,0.89,CA,1686528504
332,katsuura,35.1333,140.3,23.01,93,100,0.61,JP,1686528557
333,tongouson,5.0214,120.1328,28.63,77,78,2.44,PH,1686528569
334,beledweyne,4.7358,45.2036,25.41,67,100,7.46,SO,1686528569
335,toamasina,-18.1667,49.3833,19.57,92,8,2.18,MG,1686528570
336,idri,27.5,13.2667,32.29,17,0,6.48,LY,1686528570
337,ostersund,63.1792,14.6357,12.56,35,100,1.54,SE,1686528570
338,yeniseysk,58.4497,92.1703,11.7,54,0,3.25,RU,1686528570
339,hola,51.5377,23.1902,11.01,100,54,1.73,PL,1686528570
340,warman,52.3168,-106.5679,28.83,26,27,3.96,CA,1686528571
341,cabedelo,-6.9811,-34.8339,24.37,86,74,3.72,BR,1686528571
342,tamanrasset,22.785,5.5228,23.95,46,40,2.06,DZ,1686528571
343,mazamari,-11.3258,-74.5308,22.18,88,28,0.53,PE,1686528571
344,limulunga,-15.0969,23.1376,14.65,41,0,1.46,ZM,1686528572
345,corralillo,22.9819,-80.5856,26.69,80,93,2.46,CU,1686528572
346,moussoro,13.6408,16.4901,31.42,42,29,2.84,TD,1686528572
347,howard springs,-12.497,131.047,24.34,44,9,2.95,AU,1686528572
348,port shepstone,-30.7414,30.455,15.78,48,0,2.99,ZA,1686528282
349,kolondieba,11.0882,-6.8926,24.75,78,94,2.28,ML,1686528573
350,chinchilla,-26.75,150.6333,18.91,60,8,4.4,AU,1686528573
351,al quwayrah,29.8004,35.3116,20.43,44,26,2.04,JO,1686528573
352,chilecito,-29.1619,-67.4974,6.69,40,0,1.42,AR,1686528512
353,wickenburg,33.9686,-112.7296,29.54,22,0,8.08,US,1686528574
354,ingeniero luis a. huergo,-39.0833,-67.2333,4.94,30,0,0.92,AR,1686528574
355,easton,40.6884,-75.2207,28.38,51,0,3.6,US,1686528384
356,holualoa,19.6228,-155.9522,26.91,84,40,4.12,US,1686528575
357,al jawf,29.5,38.75,24.76,35,0,8.74,SA,1686528575
358,qamdo,31.1667,97.2333,2.83,85,100,1.83,CN,1686528575
359,siwa oasis,29.2041,25.5195,27.98,31,10,0.79,EG,1686528576
360,orzysz,53.8097,21.9481,8.44,68,1,2.91,PL,1686528576
361,ungaran,-7.1397,110.405,23.81,89,40,2.06,ID,1686528474
362,kasongo-lunda,-6.4667,16.8167,21.26,95,93,1.1,CD,1686528576
363,vuktyl,63.8567,57.3094,1.37,88,64,3.39,RU,1686528577
364,sittwe,20.15,92.9,27.5,85,66,3.79,MM,1686528577
365,kaohsiung,22.6163,120.3133,25.97,96,100,6.17,TW,1686528435
366,vilyuchinsk,52.9306,158.4028,20.15,51,13,1.42,RU,1686528577
367,soe,-9.8607,124.284,20.45,69,77,3.34,ID,1686528577
368,maryville,35.7565,-83.9705,26.84,70,100,3.6,US,1686528325
369,bubaque,11.2833,-15.8333,26.96,84,97,4.87,GW,1686528578
370,bunia,1.5667,30.25,16.97,90,98,0.69,CD,1686528578
371,zimatlan de alvarez,16.8667,-96.7833,30.14,26,75,3.09,MX,1686528578
372,willemstad,12.1084,-68.9335,27.67,86,100,9.98,CW,1686528579
373,valparaiso,-33.0393,-71.6273,10.22,63,0,4.78,CL,1686528548
374,pontenure,44.9992,9.7886,21.0,81,86,2.71,IT,1686528579
375,nampula,-15.1165,39.2666,15.81,98,8,1.33,MZ,1686528579
376,harstad,68.799,16.5293,8.97,79,38,8.05,NO,1686528580
377,nagqu,31.5,92.0,4.21,69,78,2.97,CN,1686528580
378,kievka,50.2619,71.5514,17.57,46,21,2.22,KZ,1686528580
379,mokhsogollokh,61.4681,128.9203,19.94,83,99,4.19,RU,1686528580
380,orapa,-21.2833,25.3667,17.68,39,42,4.59,BW,1686528581
381,nema,57.5067,50.5011,3.09,74,1,1.7,RU,1686528581
382,palikir - national government center,6.9248,158.1611,30.47,74,100,5.14,FM,1686528378
383,herxheim am berg,49.5092,8.1792,20.45,64,0,1.1,DE,1686528582
384,tarnogskiy gorodok,60.4997,43.5761,3.76,79,24,2.21,RU,1686528582
385,yen bai,21.7,104.8667,28.47,76,90,0.29,VN,1686528582
386,lesogorsk,56.0458,99.5136,11.11,58,100,2.78,RU,1686528582
387,berezovo,63.9381,65.0419,3.17,72,90,7.11,RU,1686528583
388,dickinson,29.4608,-95.0513,33.98,71,20,5.14,US,1686528583
389,bijie,27.3125,105.2942,14.08,91,100,1.78,CN,1686528583
390,afaahiti,-17.75,-149.2833,28.93,72,95,6.87,PF,1686528583
391,tofol,5.3248,163.0078,27.88,89,75,5.14,FM,1686528545
392,malumfashi,11.7853,7.6218,25.15,68,84,3.95,NG,1686528584
393,christchurch,-43.5333,172.6333,11.85,79,55,1.79,NZ,1686527969
394,bairnsdale,-37.8333,147.6167,11.62,60,66,1.53,AU,1686528584
395,detroit lakes,46.8172,-95.8453,22.03,30,0,4.12,US,1686528584
396,pisco,-13.7,-76.2167,20.03,77,0,6.17,PE,1686528585
397,kudat,6.8837,116.8477,27.19,77,100,1.59,MY,1686528585
398,alamosa,37.4695,-105.87,21.99,24,100,7.2,US,1686528040
399,waddan,29.1614,16.139,28.28,31,0,4.93,LY,1686528585
400,plastun,44.7561,136.2939,19.37,61,100,1.4,RU,1686528585
401,kupang,-10.1667,123.5833,26.32,78,20,6.69,ID,1686528586
402,ketchikan,55.3422,-131.6461,13.99,58,100,2.16,US,1686528586
403,riberalta,-10.9833,-66.1,24.45,85,10,1.2,BO,1686528586
404,jamestown,42.097,-79.2353,22.8,49,100,2.57,US,1686528343
405,machiques,10.0644,-72.545,26.47,86,98,2.63,VE,1686528587
406,taldykorgan,45.0156,78.3739,14.5,57,2,2.94,KZ,1686528587
407,pacasmayo,-7.4006,-79.5714,22.48,84,34,5.63,PE,1686528587
408,quepos,9.4236,-84.1652,27.74,85,98,0.9,CR,1686528587
409,gouyave,12.1646,-61.7296,27.52,79,69,7.41,GD,1686528588
410,roosevelt,33.9668,-103.4505,31.61,11,7,6.97,US,1686528588
411,awjilah,29.1081,21.2869,28.21,33,2,4.63,LY,1686528588
412,simbach am inn,48.2667,13.0167,16.49,94,1,2.65,DE,1686528588
413,qaqortoq,60.7167,-46.0333,4.77,81,7,2.68,GL,1686528589
414,kuanda,56.3161,116.0806,22.45,60,71,2.8,RU,1686528589
415,kirriemuir,56.674,-3.0034,13.16,88,29,1.55,GB,1686528589
416,jumla,29.2747,82.1838,14.46,75,30,1.75,NP,1686528589
417,meadow lake,34.8014,-106.5436,30.34,16,55,9.54,US,1686528589
418,brisas de zicatela,15.8369,-97.0419,31.29,70,40,2.57,MX,1686528483
419,nuuk,64.1835,-51.7216,3.34,100,40,8.23,GL,1686528384
420,pembroke,45.8168,-77.1162,15.31,98,100,1.54,CA,1686528590
421,moyale,3.5167,39.0584,19.52,77,75,2.81,KE,1686528590
422,la mure,44.9026,5.7866,13.43,95,99,0.86,FR,1686528590
423,chincha alta,-13.4099,-76.1323,19.33,78,52,1.28,PE,1686528591
424,selkirk,50.1436,-96.8845,26.16,37,17,1.34,CA,1686528591
425,stornoway,58.2093,-6.3865,16.16,90,75,1.03,GB,1686528463
426,araban,37.4267,37.689,20.58,73,61,3.14,TR,1686528591
427,le passage,44.2014,0.6028,19.08,88,0,1.03,FR,1686528592
428,turkmenbasy,40.0222,52.9552,23.23,56,90,3.3,TM,1686528592
429,suva,-18.1416,178.4415,23.78,75,95,3.06,FJ,1686528592
430,mount pearl,47.5166,-52.7813,8.25,96,100,2.24,CA,1686528592
431,erenhot,43.6475,111.9767,16.99,44,25,1.95,CN,1686528593
432,uturoa,-16.7333,-151.4333,26.94,70,12,6.63,PF,1686528593
433,berrouaghia,36.1352,2.9109,18.75,63,1,0.88,DZ,1686528593
434,karyes,37.3,22.5,16.22,86,1,1.28,GR,1686528593
435,todos santos,23.45,-110.2167,22.99,61,10,4.7,MX,1686528594
436,danshui,22.7984,114.4672,28.45,72,59,1.38,CN,1686528594
437,harrisonburg,38.4496,-78.8689,25.23,51,100,2.57,US,1686528594
438,tyukhtet,56.5389,89.3011,11.06,53,0,2.71,RU,1686528595
439,rio claro,-22.4114,-47.5614,20.78,72,3,1.86,BR,1686528595
440,kragujevac,44.0167,20.9167,17.16,95,95,1.3,RS,1686528595
441,moissala,8.3404,17.7663,22.71,94,83,1.0,TD,1686528595
442,xiva,41.3783,60.3639,20.99,18,1,5.17,UZ,1686528595
443,grand falls-windsor,48.9332,-55.6649,10.28,92,100,0.89,CA,1686528596
444,luwuk,-0.9516,122.7875,27.41,81,96,2.73,ID,1686528596
445,flying fish cove,-10.4217,105.6791,25.82,88,100,4.63,CX,1686528596
446,chayan,43.0297,69.3772,24.32,19,88,11.07,KZ,1686528596
447,dakhla,23.6848,-15.958,21.69,81,0,7.01,EH,1686528597
448,mongo,12.1844,18.693,28.71,57,86,2.25,TD,1686528597
449,zmeinogorsk,51.1567,82.195,10.97,81,0,2.46,RU,1686528597
450,nampa,43.5407,-116.5635,29.06,41,0,2.06,US,1686528598
451,fauske,67.2588,15.3918,9.02,95,100,1.71,NO,1686528598
452,nuku'alofa,-21.1333,-175.2,24.19,64,75,2.57,TO,1686528473
453,chibougamau,49.9168,-74.3659,20.79,52,40,2.06,CA,1686528380
454,sept-iles,50.2001,-66.3821,18.36,71,82,0.45,CA,1686528422
455,ranau,5.9538,116.6641,23.58,89,100,0.34,MY,1686528599
456,kingisepp,59.3733,28.6134,7.05,66,18,1.4,RU,1686528599
457,san antonio de pale,-1.4014,5.6325,24.7,87,89,5.1,GQ,1686528599
458,dudinka,69.4058,86.1778,9.79,71,100,9.0,RU,1686528599
459,puerto penasco,31.3167,-113.5333,24.99,65,0,6.26,MX,1686528374
460,djebeniana,35.035,10.9081,22.7,71,19,2.74,TN,1686528600
461,kristiansund,63.1115,7.732,14.36,67,75,2.57,NO,1686528559
462,aibak,36.2647,68.0155,23.76,38,21,0.99,AF,1686528600
463,newman,37.3138,-121.0208,31.19,39,32,2.68,US,1686528601
464,cumana,10.4635,-64.1775,26.22,84,100,5.26,VE,1686528443
465,inhambane,-23.865,35.3833,19.07,80,0,2.73,MZ,1686528601
466,americus,32.0724,-84.2327,29.77,65,0,4.63,US,1686528601
467,uzgen,40.7699,73.3007,23.16,56,88,2.76,KG,1686528602
468,guiuan,11.0333,125.7247,28.86,75,98,5.09,PH,1686528604
469,sen monorom,12.45,107.2,22.18,88,100,2.65,KH,1686528605
470,lhasa,29.65,91.1,12.17,75,95,2.28,CN,1686528605
471,hoeryong,42.4428,129.7508,16.58,83,95,0.83,KP,1686528605
472,the pas,53.8251,-101.2541,25.67,41,82,3.69,CA,1686528605
473,zhangye,38.9342,100.4517,22.61,27,9,2.38,CN,1686528475
474,khandyga,62.6667,135.6,19.18,60,100,3.2,RU,1686528606
475,geraldton,-28.7667,114.6,10.23,87,81,4.12,AU,1686528606
476,fomboni,-12.28,43.7425,26.55,63,0,5.49,KM,1686528606
477,mata-utu,-13.2816,-176.1745,27.5,81,48,6.48,WF,1686528607
478,prado,-17.3411,-39.2208,22.91,88,14,3.54,BR,1686528607
479,mersa matruh,31.3525,27.2453,21.3,72,7,3.58,EG,1686528607
480,concepcion del oro,24.6333,-101.4167,30.38,12,13,4.56,MX,1686528607
481,st. john's,47.5649,-52.7093,8.71,95,100,9.77,CA,1686528365
482,polyarnyy,69.1989,33.4478,11.84,75,99,7.91,RU,1686528608
483,argo,37.6333,22.7333,18.77,81,4,1.44,GR,1686528608
484,zherdevka,51.8486,41.4606,8.6,94,100,7.04,RU,1686528608
485,verkhniye sergi,56.6469,59.5556,1.9,83,6,0.92,RU,1686528609
486,sovetskaya gavan',48.9723,140.2878,15.07,75,94,3.22,RU,1686528609
487,tamandare,-8.7597,-35.1047,24.71,86,15,3.38,BR,1686528609
488,muisne,0.6,-80.0333,26.29,85,61,2.78,EC,1686528609
489,nyborg,55.3127,10.7896,14.4,75,0,7.08,DK,1686528610
490,miandrivazo,-19.5167,45.4667,18.58,65,0,0.87,MG,1686528610
491,birobidzhan,48.8,132.95,17.8,93,99,1.37,RU,1686528610
492,buta,2.7858,24.73,21.17,90,88,0.31,CD,1686528610
493,dawei,14.0833,98.2,25.04,93,93,1.48,MM,1686528611
494,santa cruz do sul,-29.7175,-52.4258,8.21,77,29,1.41,BR,1686528526
495,zemio,5.0314,25.1361,19.73,97,98,0.99,CF,1686528532
496,thinadhoo,0.5333,72.9333,28.05,78,65,5.72,MV,1686528611
497,hampton bays,40.869,-72.5176,21.59,86,100,2.06,US,1686528612
498,guatrache,-37.6678,-63.5302,3.92,40,0,3.46,AR,1686528612
499,guane,22.2025,-84.0875,28.32,77,30,2.38,CU,1686528612
500,kerikeri,-35.2268,173.9474,16.62,83,10,3.97,NZ,1686528612
501,eureka,40.8021,-124.1637,15.32,84,78,2.68,US,1686528584
502,yamada,39.4667,141.95,16.92,99,100,2.04,JP,1686528613
503,magaria,12.9983,8.9099,29.33,52,58,2.35,NE,1686528613
504,naze,28.3667,129.4833,24.48,86,99,0.89,JP,1686528435
505,levelland,33.5873,-102.378,32.33,14,14,3.44,US,1686528614
506,ribeira brava,32.65,-17.0667,22.06,86,44,1.49,PT,1686528614
507,bontang,0.1333,117.5,26.01,91,97,1.59,ID,1686528387
508,senanga,-16.1167,23.2667,14.92,38,2,2.48,ZM,1686528614
509,urangan,-25.3,152.9,20.59,71,1,2.01,AU,1686528614
510,freetown,8.484,-13.2299,25.79,87,100,1.83,SL,1686528615
511,acarau,-2.8856,-40.12,25.82,81,1,5.09,BR,1686528525
512,komsomol'skiy,43.9783,46.6985,19.92,85,15,1.89,RU,1686528615
513,ad dilam,23.9915,47.1627,33.35,13,37,2.87,SA,1686528615
514,ambah,26.7075,78.2261,33.13,39,0,1.92,IN,1686528616
515,marka,1.7159,44.7717,25.62,80,82,7.38,SO,1686528616
516,akureyri,65.6835,-18.0878,11.08,56,47,4.78,IS,1686528616
517,shevchenko,48.5,35.0,12.85,94,100,6.47,UA,1686528616
518,racine,42.7495,-88.0751,12.36,81,100,4.47,US,1686528617
519,san juan,-31.5375,-68.5364,8.16,33,1,1.6,AR,1686528254
520,international falls,48.6011,-93.411,23.1,40,0,2.57,US,1686528617
521,hilo,19.7297,-155.09,29.04,67,0,3.09,US,1686528617
522,oriximina,-1.7656,-55.8661,26.64,75,77,1.67,BR,1686528350
523,karasburg,-28.0167,18.75,6.93,81,0,5.12,NA,1686528618
524,port lincoln,-34.7333,135.8667,14.37,61,72,7.74,AU,1686528618
525,kharan,28.5833,65.4167,30.23,15,35,2.71,PK,1686528618
526,laojunmiao,39.8333,97.7333,21.27,22,1,3.59,CN,1686528618
527,chegdomyn,51.1167,133.0167,21.26,66,29,0.97,RU,1686528618
528,beatrice,40.2681,-96.747,22.05,49,40,5.14,US,1686528619
529,ullo,47.3877,19.3553,16.52,77,0,2.57,HU,1686528619
530,constitucion,-35.3333,-72.4167,7.67,69,0,5.63,CL,1686528619
531,kittila,67.6647,24.8936,14.08,51,0,3.6,FI,1686528619
532,ar ruways,24.1103,52.7306,31.9,53,42,3.25,AE,1686528620
533,callao,-12.0667,-77.15,22.16,73,100,6.69,PE,1686528620
534,revda,56.801,59.9303,1.9,82,1,1.24,RU,1686528620
535,contamana,-7.3333,-75.0167,25.52,83,64,1.19,PE,1686528620
536,yangshuo,24.7808,110.4897,25.18,84,90,0.36,CN,1686528620
537,yaren,-0.5472,166.916,28.35,77,52,3.37,NR,1686528621
538,lionel town,17.8101,-77.2406,26.99,86,13,4.49,JM,1686528621
539,mbanza kongo,-6.267,14.2401,19.68,99,99,1.05,AO,1686528621
540,enshi,30.3,109.4833,21.74,85,100,0.17,CN,1686528621
541,mount gambier,-37.8333,140.7667,11.58,74,42,4.81,AU,1686528622
542,touros,-5.1989,-35.4608,24.31,90,11,3.81,BR,1686528622
543,boa vista,2.8197,-60.6733,27.12,75,59,0.7,BR,1686528622
544,chimbote,-9.0853,-78.5783,21.93,81,50,5.41,PE,1686528582
545,bure,10.7,37.0667,13.97,93,100,0.74,ET,1686528622
546,dolores,-36.3132,-57.6792,3.56,59,0,3.76,AR,1686528623
547,bayanhongor,46.7167,100.1167,16.34,51,99,1.11,MN,1686528623
548,yigo village,13.5361,144.8886,29.86,75,75,6.17,GU,1686528623
549,katutura,-22.521,17.0557,9.95,36,0,2.51,NA,1686528623
550,vila velha,-20.3297,-40.2925,24.41,86,0,4.63,BR,1686528624
551,le port,-20.9373,55.2919,22.98,94,5,2.34,RE,1686528624
552,rosario del tala,-32.3029,-59.1455,4.43,52,1,2.52,AR,1686528624
553,wanning,18.8003,110.3967,26.87,88,100,1.71,CN,1686528624
554,fort mcmurray,56.7268,-111.381,23.98,36,81,4.65,CA,1686528625
555,cwmafan,51.6,-3.75,18.11,84,85,2.27,GB,1686528625
556,bechar,31.6167,-2.2167,28.28,14,0,1.12,DZ,1686528625
557,antonio enes,-16.2325,39.9086,22.44,83,0,2.95,MZ,1686528625
558,soledad,10.9184,-74.7646,29.07,84,40,3.6,CO,1686528626
559,gotsucho,35.0,132.2167,22.49,81,100,1.22,JP,1686528626
560,shatsk,54.0258,41.7119,7.7,70,100,5.27,RU,1686528626
561,sinazongwe,-17.2614,27.4618,19.77,53,3,2.18,ZM,1686528626
562,bekalta,35.6174,10.9947,22.01,76,6,2.53,TN,1686528627
563,salem,11.65,78.1667,26.62,75,100,0.51,IN,1686528046
564,lethem,3.3803,-59.7968,26.5,75,55,2.24,GY,1686528627
565,xilin hot,43.9667,116.0333,15.44,55,57,5.5,CN,1686528627
566,talakan,50.3167,130.3667,21.02,75,75,1.56,RU,1686528627
567,dryden,49.7833,-92.7503,22.16,30,0,5.14,CA,1686528377
568,tra mhor,52.1624,-7.1524,15.66,80,95,0.89,IE,1686528628
569,okhotsk,59.3833,143.3,12.45,72,67,2.56,RU,1686528628
570,columbia falls,48.3725,-114.1815,26.82,32,0,6.17,US,1686528628
571,ataq,14.5377,46.8319,27.42,35,100,2.35,YE,1686528628
572,trairi,-3.2778,-39.2689,24.77,88,3,3.26,BR,1686528629
573,rabo de peixe,37.8,-25.5833,17.73,82,20,2.06,PT,1686528629
574,kokopo,-4.352,152.2633,28.69,71,48,1.52,PG,1686528629
575,alupka,44.4167,34.05,18.58,94,76,3.91,UA,1686528629
576,dongola,19.1667,30.4833,33.99,24,34,2.88,SD,1686528630
577,ponta delgada,37.7333,-25.6667,18.4,82,20,2.06,PT,1686528630
